addClient,Sat May 22 16:35:29 EEST 2021
addClient,Sat May 22 16:48:28 EEST 2021
addPublisher,Sat May 22 16:48:41 EEST 2021
addSection,Sat May 22 16:48:46 EEST 2021
addAuthor,Sat May 22 16:49:00 EEST 2021
addBook,Sat May 22 16:49:33 EEST 2021
addBook,Sat May 22 16:50:48 EEST 2021
generateCSVFiles,Sat May 22 16:50:57 EEST 2021
addBook,Sat May 22 16:57:01 EEST 2021
rentMagazine,Sat May 22 16:57:51 EEST 2021
rentBook,Sat May 22 16:58:42 EEST 2021
returnRentedBook,Sat May 22 16:59:21 EEST 2021
returnRentedMagazine,Sat May 22 16:59:34 EEST 2021
generateCSVFiles,Sat May 22 16:59:44 EEST 2021
addClient,Sat May 22 17:16:05 EEST 2021
addAuthor,Sat May 22 17:16:52 EEST 2021
generateCSVFiles,Sat May 22 17:16:57 EEST 2021
rentBook,Sat May 22 17:44:36 EEST 2021
rentBook,Sat May 22 17:45:13 EEST 2021
addClient,Sat May 22 19:04:37 EEST 2021
addPublisher,Sat May 22 19:04:42 EEST 2021
addSection,Sat May 22 19:04:46 EEST 2021
addAuthor,Sat May 22 19:05:00 EEST 2021
addAuthor,Sat May 22 19:08:25 EEST 2021
addAuthor,Sat May 22 19:11:50 EEST 2021
addAuthor,Sat May 22 19:12:25 EEST 2021
addClient,Sat May 22 19:17:28 EEST 2021
addPublisher,Sat May 22 19:17:32 EEST 2021
addSection,Sat May 22 19:17:39 EEST 2021
addAuthor,Sat May 22 19:17:48 EEST 2021
addBook,Sat May 22 19:18:32 EEST 2021
addMagazine,Sat May 22 19:19:08 EEST 2021
rentBook,Sat May 22 19:19:23 EEST 2021
rentBook,Sat May 22 19:19:45 EEST 2021
rentMagazine,Sat May 22 19:20:15 EEST 2021
returnRentedBook,Sat May 22 19:20:41 EEST 2021
returnRentedMagazine,Sat May 22 19:20:59 EEST 2021
generateCSVFiles,Sat May 22 19:21:09 EEST 2021
generateCSVFiles,Sat May 22 19:26:31 EEST 2021
